network,city,region,region_code,country,country_code,continent,continent_code,latitude,longitude,timezone,postal_code
1.0.0.0/24,Sydney,New South Wales,NSW,Australia,AU,Oceania,OC,-33.86785,151.20732,Australia/Sydney,1001
1.0.1.0/24,Xiamen,Fujian,FJ,China,CN,Asia,AS,24.47979,118.08187,Asia/Shanghai,361000
1.0.2.0/23,Xiamen,Fujian,FJ,China,CN,Asia,AS,24.47979,118.08187,Asia/Shanghai,361000
1.0.4.0/22,Melbourne,Victoria,VIC,Australia,AU,Oceania,OC,-37.814,144.96332,Australia/Melbourne,3000
1.0.8.0/21,Shenzhen,Guangdong,GD,China,CN,Asia,AS,22.54554,114.0683,Asia/Shanghai,518000
1.0.16.0/29,Tokyo,Tokyo,13,Japan,JP,Asia,AS,35.6895,139.69171,Asia/Tokyo,101-8656
1.0.16.8/30,Tokyo,Tokyo,13,Japan,JP,Asia,AS,35.6895,139.69171,Asia/Tokyo,101-8656
1.0.16.12/31,Tokyo,Tokyo,13,Japan,JP,Asia,AS,35.6895,139.69171,Asia/Tokyo,101-8656
1.0.16.14,Asagaya-minami,Tokyo,13,Japan,JP,Asia,AS,35.70206,139.63745,Asia/Tokyo,166-0000
1.0.16.15,Tokyo,Tokyo,13,Japan,JP,Asia,AS,35.6895,139.69171,Asia/Tokyo,101-8656
1.0.16.16/28,Tokyo,Tokyo,13,Japan,JP,Asia,AS,35.6895,139.69171,Asia/Tokyo,101-8656
1.0.16.32/27,Tokyo,Tokyo,13,Japan,JP,Asia,AS,35.6895,139.69171,Asia/Tokyo,101-8656
1.0.16.64/26,Tokyo,Tokyo,13,Japan,JP,Asia,AS,35.6895,139.69171,Asia/Tokyo,101-8656
1.0.16.128/25,Tokyo,Tokyo,13,Japan,JP,Asia,AS,35.6895,139.69171,Asia/Tokyo,101-8656
1.0.17.0/24,Asagaya-minami,Tokyo,13,Japan,JP,Asia,AS,35.70206,139.63745,Asia/Tokyo,166-0000
1.0.18.0/23,Asagaya-minami,Tokyo,13,Japan,JP,Asia,AS,35.70206,139.63745,Asia/Tokyo,166-0000
1.0.20.0/22,Asagaya-minami,Tokyo,13,Japan,JP,Asia,AS,35.70206,139.63745,Asia/Tokyo,166-0000
1.0.24.0/21,Asagaya-minami,Tokyo,13,Japan,JP,Asia,AS,35.70206,139.63745,Asia/Tokyo,166-0000
1.0.32.0/19,Shenzhen,Guangdong,GD,China,CN,Asia,AS,22.54554,114.0683,Asia/Shanghai,518000
1.0.64.0/20,Hiroshima,Hiroshima,34,Japan,JP,Asia,AS,34.4,132.45,Asia/Tokyo,730-0011
1.0.80.0/28,Hiroshima,Hiroshima,34,Japan,JP,Asia,AS,34.4,132.45,Asia/Tokyo,730-0011
1.0.80.16/30,Hōfu,Yamaguchi,35,Japan,JP,Asia,AS,34.05,131.56667,Asia/Tokyo,747-0034
1.0.80.20/31,Yonago,Tottori,31,Japan,JP,Asia,AS,35.43333,133.33333,Asia/Tokyo,683-0041
1.0.80.22/31,Hōfu,Yamaguchi,35,Japan,JP,Asia,AS,34.05,131.56667,Asia/Tokyo,747-0034
1.0.80.24/29,Hōfu,Yamaguchi,35,Japan,JP,Asia,AS,34.05,131.56667,Asia/Tokyo,747-0034
1.0.80.32/30,Matsue,Shimane,32,Japan,JP,Asia,AS,35.48333,133.05,Asia/Tokyo,690-0801
1.0.80.36/30,Ube,Yamaguchi,35,Japan,JP,Asia,AS,33.94306,131.25111,Asia/Tokyo,752-0923
1.0.80.40/31,Hiroshima,Hiroshima,34,Japan,JP,Asia,AS,34.4,132.45,Asia/Tokyo,730-0011
1.0.80.42,Hiroshima,Hiroshima,34,Japan,JP,Asia,AS,34.4,132.45,Asia/Tokyo,730-0011
1.0.80.43,Matsue,Shimane,32,Japan,JP,Asia,AS,35.48333,133.05,Asia/Tokyo,690-0801
1.0.80.44/31,Tottori-shi,Tottori,31,Japan,JP,Asia,AS,35.5,134.23333,Asia/Tokyo,680-0013
1.0.80.46/31,Hiroshima,Hiroshima,34,Japan,JP,Asia,AS,34.4,132.45,Asia/Tokyo,730-0011
1.0.80.48/30,Tottori-shi,Tottori,31,Japan,JP,Asia,AS,35.5,134.23333,Asia/Tokyo,680-0013
1.0.80.52/31,Ube,Yamaguchi,35,Japan,JP,Asia,AS,33.94306,131.25111,Asia/Tokyo,752-0923
1.0.80.54/31,Hiroshima,Hiroshima,34,Japan,JP,Asia,AS,34.4,132.45,Asia/Tokyo,730-0011
1.0.80.56/31,Yamaguchi,Yamaguchi,35,Japan,JP,Asia,AS,34.18333,131.46667,Asia/Tokyo,800-0336
1.0.80.58/31,Hiroshima,Hiroshima,34,Japan,JP,Asia,AS,34.4,132.45,Asia/Tokyo,730-0011
1.0.80.60/30,Ube,Yamaguchi,35,Japan,JP,Asia,AS,33.94306,131.25111,Asia/Tokyo,752-0923
1.0.80.64/28,Hōfu,Yamaguchi,35,Japan,JP,Asia,AS,34.05,131.56667,Asia/Tokyo,747-0034
1.0.80.80/29,Matsue,Shimane,32,Japan,JP,Asia,AS,35.48333,133.05,Asia/Tokyo,690-0801
1.0.80.88/30,Ube,Yamaguchi,35,Japan,JP,Asia,AS,33.94306,131.25111,Asia/Tokyo,752-0923
1.0.80.92,Ube,Yamaguchi,35,Japan,JP,Asia,AS,33.94306,131.25111,Asia/Tokyo,752-0923
1.0.80.93,Hiroshima,Hiroshima,34,Japan,JP,Asia,AS,34.4,132.45,Asia/Tokyo,730-0011
1.0.80.94/31,Hiroshima,Hiroshima,34,Japan,JP,Asia,AS,34.4,132.45,Asia/Tokyo,730-0011
1.0.80.96/28,Matsue,Shimane,32,Japan,JP,Asia,AS,35.48333,133.05,Asia/Tokyo,690-0801
1.0.80.112,Ube,Yamaguchi,35,Japan,JP,Asia,AS,33.94306,131.25111,Asia/Tokyo,752-0923
1.0.80.113,Matsue,Shimane,32,Japan,JP,Asia,AS,35.48333,133.05,Asia/Tokyo,690-0801
1.0.80.114/31,Hiroshima,Hiroshima,34,Japan,JP,Asia,AS,34.4,132.45,Asia/Tokyo,730-0011
1.0.80.116,Hiroshima,Hiroshima,34,Japan,JP,Asia,AS,34.4,132.45,Asia/Tokyo,730-0011
1.0.80.117,Ube,Yamaguchi,35,Japan,JP,Asia,AS,33.94306,131.25111,Asia/Tokyo,752-0923
1.0.80.118/31,Hiroshima,Hiroshima,34,Japan,JP,Asia,AS,34.4,132.45,Asia/Tokyo,730-0011
1.0.80.120/31,Tottori-shi,Tottori,31,Japan,JP,Asia,AS,35.5,134.23333,Asia/Tokyo,680-0013
1.0.80.122/31,Ube,Yamaguchi,35,Japan,JP,Asia,AS,33.94306,131.25111,Asia/Tokyo,752-0923
1.0.80.124/30,Hiroshima,Hiroshima,34,Japan,JP,Asia,AS,34.4,132.45,Asia/Tokyo,730-0011
1.0.80.128/29,Matsue,Shimane,32,Japan,JP,Asia,AS,35.48333,133.05,Asia/Tokyo,690-0801
1.0.80.136,Yonago,Tottori,31,Japan,JP,Asia,AS,35.43333,133.33333,Asia/Tokyo,683-0041
1.0.80.137,Matsue,Shimane,32,Japan,JP,Asia,AS,35.48333,133.05,Asia/Tokyo,690-0801
1.0.80.138/31,Matsue,Shimane,32,Japan,JP,Asia,AS,35.48333,133.05,Asia/Tokyo,690-0801
1.0.80.140/30,Matsue,Shimane,32,Japan,JP,Asia,AS,35.48333,133.05,Asia/Tokyo,690-0801
1.0.80.144/28,Matsue,Shimane,32,Japan,JP,Asia,AS,35.48333,133.05,Asia/Tokyo,690-0801
1.0.80.160/31,Yamaguchi,Yamaguchi,35,Japan,JP,Asia,AS,34.18333,131.46667,Asia/Tokyo,800-0336
1.0.80.162/31,Izumo,Shimane,32,Japan,JP,Asia,AS,35.36667,132.76667,Asia/Tokyo,693-0001
1.0.80.164/30,Ube,Yamaguchi,35,Japan,JP,Asia,AS,33.94306,131.25111,Asia/Tokyo,752-0923
1.0.80.168/31,Yonago,Tottori,31,Japan,JP,Asia,AS,35.43333,133.33333,Asia/Tokyo,683-0041
1.0.80.170/31,Matsue,Shimane,32,Japan,JP,Asia,AS,35.48333,133.05,Asia/Tokyo,690-0801
1.0.80.172/30,Hiroshima,Hiroshima,34,Japan,JP,Asia,AS,34.4,132.45,Asia/Tokyo,730-0011
1.0.80.176/30,Onoda,Yamaguchi,35,Japan,JP,Asia,AS,34.00139,131.18361,Asia/Tokyo,756-0817
1.0.80.180/30,Ube,Yamaguchi,35,Japan,JP,Asia,AS,33.94306,131.25111,Asia/Tokyo,752-0923
1.0.80.184/30,Ube,Yamaguchi,35,Japan,JP,Asia,AS,33.94306,131.25111,Asia/Tokyo,752-0923
1.0.80.188/30,Matsue,Shimane,32,Japan,JP,Asia,AS,35.48333,133.05,Asia/Tokyo,690-0801
1.0.80.192/30,Ube,Yamaguchi,35,Japan,JP,Asia,AS,33.94306,131.25111,Asia/Tokyo,752-0923
1.0.80.196/31,Hiroshima,Hiroshima,34,Japan,JP,Asia,AS,34.4,132.45,Asia/Tokyo,730-0011
1.0.80.198/31,Ube,Yamaguchi,35,Japan,JP,Asia,AS,33.94306,131.25111,Asia/Tokyo,752-0923
1.0.80.200/30,Tottori-shi,Tottori,31,Japan,JP,Asia,AS,35.5,134.23333,Asia/Tokyo,680-0013
1.0.80.204/31,Yura,Tottori,31,Japan,JP,Asia,AS,35.48333,133.75,Asia/Tokyo,689-2208
1.0.80.206/31,Tottori-shi,Tottori,31,Japan,JP,Asia,AS,35.5,134.23333,Asia/Tokyo,680-0013
1.0.80.208/28,Tottori-shi,Tottori,31,Japan,JP,Asia,AS,35.5,134.23333,Asia/Tokyo,680-0013
1.0.80.224/28,Tottori-shi,Tottori,31,Japan,JP,Asia,AS,35.5,134.23333,Asia/Tokyo,680-0013
1.0.80.240/29,Tottori-shi,Tottori,31,Japan,JP,Asia,AS,35.5,134.23333,Asia/Tokyo,680-0013
1.0.80.248/30,Tottori-shi,Tottori,31,Japan,JP,Asia,AS,35.5,134.23333,Asia/Tokyo,680-0013
1.0.80.252/30,Matsue,Shimane,32,Japan,JP,Asia,AS,35.48333,133.05,Asia/Tokyo,690-0801
1.0.81.0/29,Tottori-shi,Tottori,31,Japan,JP,Asia,AS,35.5,134.23333,Asia/Tokyo,680-0013
1.0.81.8/30,Tottori-shi,Tottori,31,Japan,JP,Asia,AS,35.5,134.23333,Asia/Tokyo,680-0013
1.0.81.12/31,Tottori-shi,Tottori,31,Japan,JP,Asia,AS,35.5,134.23333,Asia/Tokyo,680-0013
1.0.81.14/31,Matsue,Shimane,32,Japan,JP,Asia,AS,35.48333,133.05,Asia/Tokyo,690-0801
1.0.81.16/28,Tottori-shi,Tottori,31,Japan,JP,Asia,AS,35.5,134.23333,Asia/Tokyo,680-0013
1.0.81.32/27,Tottori-shi,Tottori,31,Japan,JP,Asia,AS,35.5,134.23333,Asia/Tokyo,680-0013
1.0.81.64/28,Tottori-shi,Tottori,31,Japan,JP,Asia,AS,35.5,134.23333,Asia/Tokyo,680-0013
1.0.81.80/29,Tottori-shi,Tottori,31,Japan,JP,Asia,AS,35.5,134.23333,Asia/Tokyo,680-0013
1.0.81.88/31,Tottori-shi,Tottori,31,Japan,JP,Asia,AS,35.5,134.23333,Asia/Tokyo,680-0013
1.0.81.90/31,Matsue,Shimane,32,Japan,JP,Asia,AS,35.48333,133.05,Asia/Tokyo,690-0801
1.0.81.92/30,Tottori-shi,Tottori,31,Japan,JP,Asia,AS,35.5,134.23333,Asia/Tokyo,680-0013
1.0.81.96/29,Hiroshima,Hiroshima,34,Japan,JP,Asia,AS,34.4,132.45,Asia/Tokyo,730-0011
1.0.81.104,Ube,Yamaguchi,35,Japan,JP,Asia,AS,33.94306,131.25111,Asia/Tokyo,752-0923
1.0.81.105,Hiroshima,Hiroshima,34,Japan,JP,Asia,AS,34.4,132.45,Asia/Tokyo,730-0011
1.0.81.106/31,Hiroshima,Hiroshima,34,Japan,JP,Asia,AS,34.4,132.45,Asia/Tokyo,730-0011
1.0.81.108/31,Hiroshima,Hiroshima,34,Japan,JP,Asia,AS,34.4,132.45,Asia/Tokyo,730-0011
1.0.81.110/31,Ube,Yamaguchi,35,Japan,JP,Asia,AS,33.94306,131.25111,Asia/Tokyo,752-0923
1.0.81.112/30,Ube,Yamaguchi,35,Japan,JP,Asia,AS,33.94306,131.25111,Asia/Tokyo,752-0923
1.0.81.116/31,Ube,Yamaguchi,35,Japan,JP,Asia,AS,33.94306,131.25111,Asia/Tokyo,752-0923
